{
    "ALL": {
        "lr": {
            "Accuracy": 0.8967248386325604,
            "Presici\u00f3n": 0.8948631781084974,
            "Recall": 0.8974482426576793,
            "F1-Score": 0.8961538461538462,
            "ROC-AUC": 0.9640687747733167
        },
        "rf": {
            "Accuracy": 0.9000717188620607,
            "Presici\u00f3n": 0.8856345885634589,
            "Recall": 0.9171882522869523,
            "F1-Score": 0.9011352885525071,
            "ROC-AUC": 0.9606036539113093
        },
        "xgb": {
            "Accuracy": 0.901745158976811,
            "Presici\u00f3n": 0.8925541941564562,
            "Recall": 0.9118921521425133,
            "F1-Score": 0.902119552274351,
            "ROC-AUC": 0.9684707607994401
        },
        "knn": {
            "Accuracy": 0.8797513746115229,
            "Presici\u00f3n": 0.863342566943675,
            "Recall": 0.9003370245546461,
            "F1-Score": 0.881451802969597,
            "ROC-AUC": 0.9512305442733944
        },
        "lda": {
            "Accuracy": 0.9000717188620607,
            "Presici\u00f3n": 0.8993740972556572,
            "Recall": 0.8993740972556572,
            "F1-Score": 0.8993740972556572,
            "ROC-AUC": 0.9617099229520991
        },
        "nb": {
            "Accuracy": 0.7807793449677265,
            "Presici\u00f3n": 0.8162486368593239,
            "Recall": 0.7207510832932114,
            "F1-Score": 0.7655331117361288,
            "ROC-AUC": 0.872978527087017
        },
        "dt": {
            "Accuracy": 0.8407841262251973,
            "Presici\u00f3n": 0.8148148148148148,
            "Recall": 0.8791526239768898,
            "F1-Score": 0.8457619268179712,
            "ROC-AUC": 0.9011706699477522
        },
        "svm": {
            "Accuracy": 0.8972029643796319,
            "Presici\u00f3n": 0.8953432549207874,
            "Recall": 0.8979297063071738,
            "F1-Score": 0.8966346153846154,
            "ROC-AUC": 0.9640676316972256
        },
        "mlp": {
            "Accuracy": 0.9096342338034903,
            "Presici\u00f3n": 0.8953001395998139,
            "Recall": 0.9263360616273472,
            "F1-Score": 0.9105537150970184,
            "ROC-AUC": 0.9724264899196692
        }
    },
    "TOP": {
        "lr": {
            "Accuracy": 0.8972520908004779,
            "Presici\u00f3n": 0.9046454767726161,
            "Recall": 0.8872901678657075,
            "F1-Score": 0.8958837772397095,
            "ROC-AUC": 0.9590670320886148
        },
        "rf": {
            "Accuracy": 0.8721624850657109,
            "Presici\u00f3n": 0.8655660377358491,
            "Recall": 0.8800959232613909,
            "F1-Score": 0.8727705112960761,
            "ROC-AUC": 0.9491349777321
        },
        "xgb": {
            "Accuracy": 0.8841099163679809,
            "Presici\u00f3n": 0.8864734299516909,
            "Recall": 0.8800959232613909,
            "F1-Score": 0.8832731648616126,
            "ROC-AUC": 0.9572684709375358
        },
        "knn": {
            "Accuracy": 0.8793309438470729,
            "Presici\u00f3n": 0.8779904306220095,
            "Recall": 0.8800959232613909,
            "F1-Score": 0.8790419161676647,
            "ROC-AUC": 0.9401107685280348
        },
        "lda": {
            "Accuracy": 0.8924731182795699,
            "Presici\u00f3n": 0.9057071960297767,
            "Recall": 0.8752997601918465,
            "F1-Score": 0.8902439024390244,
            "ROC-AUC": 0.9573369875528148
        },
        "nb": {
            "Accuracy": 0.7837514934289128,
            "Presici\u00f3n": 0.8296089385474861,
            "Recall": 0.7122302158273381,
            "F1-Score": 0.7664516129032258,
            "ROC-AUC": 0.8738066689505539
        },
        "dt": {
            "Accuracy": 0.8183990442054958,
            "Presici\u00f3n": 0.8287841191066998,
            "Recall": 0.8009592326139089,
            "F1-Score": 0.8146341463414634,
            "ROC-AUC": 0.889996574169236
        },
        "svm": {
            "Accuracy": 0.8984468339307049,
            "Presici\u00f3n": 0.9048780487804878,
            "Recall": 0.8896882494004796,
            "F1-Score": 0.8972188633615478,
            "ROC-AUC": 0.9591012903962545
        },
        "mlp": {
            "Accuracy": 0.8972520908004779,
            "Presici\u00f3n": 0.8894117647058823,
            "Recall": 0.9064748201438849,
            "F1-Score": 0.8978622327790974,
            "ROC-AUC": 0.9661299531803129
        }
    },
    "JUNGLE": {
        "lr": {
            "Accuracy": 0.9262782401902497,
            "Presici\u00f3n": 0.9143518518518519,
            "Recall": 0.9404761904761905,
            "F1-Score": 0.9272300469483568,
            "ROC-AUC": 0.977298948082796
        },
        "rf": {
            "Accuracy": 0.9048751486325802,
            "Presici\u00f3n": 0.8863636363636364,
            "Recall": 0.9285714285714286,
            "F1-Score": 0.9069767441860465,
            "ROC-AUC": 0.9672633186291143
        },
        "xgb": {
            "Accuracy": 0.9167657550535078,
            "Presici\u00f3n": 0.9127358490566038,
            "Recall": 0.9214285714285714,
            "F1-Score": 0.9170616113744076,
            "ROC-AUC": 0.9769143762017871
        },
        "knn": {
            "Accuracy": 0.9048751486325802,
            "Presici\u00f3n": 0.8899082568807339,
            "Recall": 0.9238095238095239,
            "F1-Score": 0.9065420560747663,
            "ROC-AUC": 0.9699185612487276
        },
        "lda": {
            "Accuracy": 0.9215219976218787,
            "Presici\u00f3n": 0.9078341013824884,
            "Recall": 0.9380952380952381,
            "F1-Score": 0.9227166276346604,
            "ROC-AUC": 0.9749915167967423
        },
        "nb": {
            "Accuracy": 0.835909631391201,
            "Presici\u00f3n": 0.8507462686567164,
            "Recall": 0.8142857142857143,
            "F1-Score": 0.8321167883211679,
            "ROC-AUC": 0.9136014025562719
        },
        "dt": {
            "Accuracy": 0.8525564803804994,
            "Presici\u00f3n": 0.8523809523809524,
            "Recall": 0.8523809523809524,
            "F1-Score": 0.8523809523809524,
            "ROC-AUC": 0.9200882253138785
        },
        "svm": {
            "Accuracy": 0.9274673008323424,
            "Presici\u00f3n": 0.9145496535796767,
            "Recall": 0.9428571428571428,
            "F1-Score": 0.9284876905041032,
            "ROC-AUC": 0.9775082004298157
        },
        "mlp": {
            "Accuracy": 0.9262782401902497,
            "Presici\u00f3n": 0.9162790697674419,
            "Recall": 0.9380952380952381,
            "F1-Score": 0.9270588235294117,
            "ROC-AUC": 0.9798665309354145
        }
    },
    "MIDDLE": {
        "lr": {
            "Accuracy": 0.9056152927120669,
            "Presici\u00f3n": 0.9,
            "Recall": 0.9066339066339066,
            "F1-Score": 0.9033047735618115,
            "ROC-AUC": 0.968990343408948
        },
        "rf": {
            "Accuracy": 0.8864994026284349,
            "Presici\u00f3n": 0.8696682464454977,
            "Recall": 0.9017199017199017,
            "F1-Score": 0.8854041013268998,
            "ROC-AUC": 0.9556225358550939
        },
        "xgb": {
            "Accuracy": 0.9032258064516129,
            "Presici\u00f3n": 0.8956310679611651,
            "Recall": 0.9066339066339066,
            "F1-Score": 0.9010989010989011,
            "ROC-AUC": 0.9673390091994742
        },
        "knn": {
            "Accuracy": 0.8721624850657109,
            "Presici\u00f3n": 0.8571428571428571,
            "Recall": 0.8845208845208845,
            "F1-Score": 0.8706166868198307,
            "ROC-AUC": 0.9446603051254213
        },
        "lda": {
            "Accuracy": 0.9091995221027479,
            "Presici\u00f3n": 0.9147869674185464,
            "Recall": 0.8968058968058968,
            "F1-Score": 0.9057071960297767,